หมวดหมู่ (Driver),ปัญหาที่เจอ (Potential Concern),ชื่อวิธีแก้ (Action Title),วิธีทำแบบละเอียด (Detailed Action),โน้ต/เครื่องมือที่ต้องเตรียม (อ้างอิงจากหนังสือเท่านั้น)
ความสามารถ (Capability),คนในทีมต้องอัปสกิลหรือหาความรู้เพิ่มให้แน่นกว่านี้,ระบุตัวบุคคลและทักษะที่ต้องการพัฒนา,ประเมินว่าใครในทีมที่จะได้รับประโยชน์จากการพัฒนาเพิ่มเติม และกำหนดให้ชัดเจนว่าพวกเขาจำเป็นต้องมีสมรรถนะ (Competencies) ด้านใดบ้าง,
ความสามารถ (Capability),คนในทีมต้องอัปสกิลหรือหาความรู้เพิ่มให้แน่นกว่านี้,จัดโค้ชชิ่งและฝึกอบรมรายบุคคล,จัดการโค้ชชิ่งที่ตรงจุดและให้การฝึกอบรมเป็นรายบุคคลเพื่อช่วยยกระดับความสามารถของสมาชิกทีม,
ความสามารถ (Capability),คนในทีมต้องอัปสกิลหรือหาความรู้เพิ่มให้แน่นกว่านี้,รวบรวมและสร้างชุดคู่มือการทำงาน,จัดทำคู่มือวิธีการทำงาน (How to guides) เช็กลิสต์ และเอกสารเคล็ดลับต่างๆ เพื่อใช้กระจายความรู้และความเชี่ยวชาญภายในทีม,"how to guides, checklists, and tip sheets"
ความสามารถ (Capability),คนในทีมต้องอัปสกิลหรือหาความรู้เพิ่มให้แน่นกว่านี้,ให้ผู้เชี่ยวชาญในทีมช่วยแบ่งปันความรู้,หากในทีมมีผู้เชี่ยวชาญ ให้พิจารณาว่าพวกเขาสามารถแบ่งปันความเชี่ยวชาญและข้อมูลเชิงลึกให้กับสมาชิกคนอื่นๆ ได้หรือไม่,
ความสามารถ (Capability),คนในทีมต้องอัปสกิลหรือหาความรู้เพิ่มให้แน่นกว่านี้,จัดให้มีการสังเกตการณ์การทำงาน (Shadowing),"ให้ ""ผู้เรียน"" ได้ติดตามดูงานหรือสังเกตการณ์ผู้เชี่ยวชาญขณะทำงานจริง",
ความสามารถ (Capability),คนในทีมต้องอัปสกิลหรือหาความรู้เพิ่มให้แน่นกว่านี้,ชี้แจงเป้าหมายของการสังเกตการณ์,ต้องตรวจสอบให้แน่ใจว่าทั้งผู้เชี่ยวชาญและผู้เรียนเข้าใจเหตุผลของการทำกิจกรรมสังเกตการณ์ และรู้ว่าผู้เรียนควรสังเกตอะไรบ้าง,
ความสามารถ (Capability),คนในทีมต้องอัปสกิลหรือหาความรู้เพิ่มให้แน่นกว่านี้,เตรียมคำถามนำทางสำหรับผู้เรียน,เตรียมคำถามเฉพาะจุดและเคล็ดลับต่างๆ ให้กับผู้เรียน เพื่อให้พวกเขาได้รับประโยชน์สูงสุดจากประสบการณ์การสังเกตการณ์,
ความสามารถ (Capability),คนในทีมต้องอัปสกิลหรือหาความรู้เพิ่มให้แน่นกว่านี้,ระบุทักษะพื้นฐานด้านการทำงานเป็นทีมที่ขาดหาย,"หากทีมขาดทักษะหรือความรู้ด้าน ""การทำงานเป็นทีม"" ให้ทำความเข้าใจให้ชัดเจนว่าต้องการสมรรถนะด้านใด (เช่น การสื่อสาร การให้และรับฟีดแบ็ก หรือไหวพริบในการทำงานเป็นทีม)",
ความสามารถ (Capability),คนในทีมต้องอัปสกิลหรือหาความรู้เพิ่มให้แน่นกว่านี้,จัดฝึกอบรมทักษะการทำงานเป็นทีม,จัดการฝึกอบรมทั้งแบบรายบุคคลหรือระดับทีม เพื่อช่วยยกระดับทักษะพื้นฐานด้านการทำงานเป็นทีมหลังจากที่ระบุปัญหาแล้ว,
ความสามารถ (Capability),ทีมเราขาดความเชี่ยวชาญเฉพาะด้านที่สำคัญ แล้วคนที่มีอยู่ตอนนี้ก็ปั้นไม่ทันใช้,ขอยืมตัวบุคลากรชั่วคราว,"พิจารณาทางออกชั่วคราว เช่น การ ""ยืมตัว"" พนักงานจากทีมอื่นมาช่วยงานในทีมของคุณเป็นระยะเวลาหนึ่ง",
ความสามารถ (Capability),ทีมเราขาดความเชี่ยวชาญเฉพาะด้านที่สำคัญ แล้วคนที่มีอยู่ตอนนี้ก็ปั้นไม่ทันใช้,ปรับเปลี่ยนหรือเพิ่มสมาชิกทีม,หากความสามารถที่ขาดไปนั้นมีความจำเป็นอย่างต่อเนื่องและคนในทีมพัฒนาไม่ได้ ให้ทำการเพิ่ม ย้าย หรือเปลี่ยนตัวสมาชิกในทีมเพื่ออุดช่องโหว่นั้น,
ความสามารถ (Capability),ทีมเราขาดความเชี่ยวชาญเฉพาะด้านที่สำคัญ แล้วคนที่มีอยู่ตอนนี้ก็ปั้นไม่ทันใช้,ปรับเปลี่ยนการมอบหมายงานหรือขั้นตอน,หากไม่สามารถจัดหาความสามารถเพิ่มเติมได้ ให้พิจารณาปรับเปลี่ยนการมอบหมายงานหรือขั้นตอนการทำงานให้เหมาะสมกับความสามารถของคนในทีมที่มีอยู่,
ความสามารถ (Capability),ทีมเราขาดความเชี่ยวชาญเฉพาะด้านที่สำคัญ แล้วคนที่มีอยู่ตอนนี้ก็ปั้นไม่ทันใช้,บริหารความคาดหวังของลูกค้าและพาร์ทเนอร์,หากไม่สามารถบรรเทาช่องโหว่ได้ ให้จัดการความคาดหวังของลูกค้าและพาร์ทเนอร์ในเชิงรุก เนื่องจากทีมอาจส่งมอบงานได้ไม่เร็วหรือมีประสิทธิภาพเท่าที่ควร,
ความสามารถ (Capability),"ในทีมเรามีคนที่เป็น ""Team Player"" (พวกที่มองทีมมาก่อนตัวเอง) ไม่ค่อยพอ",สร้างกฎพื้นฐาน (Ground rules) ของทีม,"สร้างข้อตกลงหรือ ""กฎพื้นฐาน"" เพื่อกำหนดร่วมกันว่าการเป็นสมาชิกทีมที่ดีนั้นหมายถึงอะไร",ground rules
ความสามารถ (Capability),"ในทีมเรามีคนที่เป็น ""Team Player"" (พวกที่มองทีมมาก่อนตัวเอง) ไม่ค่อยพอ",จัดกิจกรรมทบทวนพฤติกรรมการทำงานเป็นทีม,จัดกิจกรรมให้ทีมทบทวนรายการพฤติกรรมที่สมาชิกทีมที่ดีพึงมี ระบุว่าพฤติกรรมใดที่ทำอยู่แล้ว และตกลงร่วมกันว่าจะทำพฤติกรรมใดให้สม่ำเสมอหรือดีขึ้น,List of behaviors (Chapter 13)
ความสามารถ (Capability),"ในทีมเรามีคนที่เป็น ""Team Player"" (พวกที่มองทีมมาก่อนตัวเอง) ไม่ค่อยพอ",คัดกรองผู้สมัครด้วยคำถามเกี่ยวกับประสบการณ์ทำงานเป็นทีม,ในการรับคนเข้าทีม ให้สอบถามผู้สมัครถึงประสบการณ์การทำงานเป็นทีมที่ผ่านมาของพวกเขา เพื่อให้แน่ใจว่าจะได้คนที่เป็น Team player เข้ามา,
ความสามารถ (Capability),"ในทีมเรามีคนที่เป็น ""Team Player"" (พวกที่มองทีมมาก่อนตัวเอง) ไม่ค่อยพอ",คัดกรองและหลีกเลี่ยงผู้สมัครที่มีสัญญาณเตือน (Red flags),สังเกตสัญญาณเตือนระหว่างสัมภาษณ์ เช่น การบ่นหรือโทษเพื่อนร่วมทีมเก่ามากเกินไป และหลีกเลี่ยงการรับคนที่มีบุคลิกภาพเป็นพิษเข้าทีม,
ความสามารถ (Capability),"ในทีมเรามีคนที่เป็น ""Team Player"" (พวกที่มองทีมมาก่อนตัวเอง) ไม่ค่อยพอ",ระมัดระวังการใช้งาน Team player หนักเกินไป,อย่าใช้งานผู้ที่เป็น Team player ที่ดีที่สุดหนักเกินไป (เพราะพวกเขามักจะอาสาเป็นคนแรก) ซึ่งอาจทำให้พวกเขาหมดไฟและลาออกจากทีมได้,
ความสามารถ (Capability),"ในทีมเรามีคนที่เป็น ""Team Player"" (พวกที่มองทีมมาก่อนตัวเอง) ไม่ค่อยพอ",สนับสนุนและช่วยเลื่อนตำแหน่งให้ Team player,ยินดีที่จะสนับสนุนและเลื่อนตำแหน่งให้ Team player แม้คุณจะเสียพวกเขาไปชั่วคราว แต่จะดึงดูดให้คนทำงานเพื่อทีมคนอื่นๆ อยากมาร่วมงานกับทีมคุณ,
ความสามารถ (Capability),เรามีสมาชิกในทีมที่มีนิสัย Toxic (แบบเป็นนิสัยถาวร ไม่ใช่แค่อารมณ์เสียบางวัน),แจ้งความคาดหวังในการปรับปรุงพฤติกรรมอย่างชัดเจน,หากมีคนในทีมแสดงพฤติกรรมเป็นพิษ (เช่น พูดจาทำร้ายจิตใจ หยาบคาย หรือพร่ำบ่นเรื่องน่าหงุดหงิด) ต้องมั่นใจว่าพวกเขาได้รับแจ้งความคาดหวังที่ชัดเจนว่าต้องเปลี่ยนพฤติกรรม,
ความสามารถ (Capability),เรามีสมาชิกในทีมที่มีนิสัย Toxic (แบบเป็นนิสัยถาวร ไม่ใช่แค่อารมณ์เสียบางวัน),ให้ฟีดแบ็กเรื่องพฤติกรรม,ให้ฟีดแบ็กแก่พนักงานที่มีพฤติกรรมเป็นพิษเพื่อให้พวกเขารับทราบข้อกังวล,
ความสามารถ (Capability),เรามีสมาชิกในทีมที่มีนิสัย Toxic (แบบเป็นนิสัยถาวร ไม่ใช่แค่อารมณ์เสียบางวัน),ให้พนักงานรับผิดชอบต่อพฤติกรรมของตนเอง,ตรวจสอบและให้พนักงานที่มีพฤติกรรมเป็นพิษต้องรับผิดชอบ (Hold accountable) ต่อการกระทำของตน,
ความสามารถ (Capability),เรามีสมาชิกในทีมที่มีนิสัย Toxic (แบบเป็นนิสัยถาวร ไม่ใช่แค่อารมณ์เสียบางวัน),จัดการปัญหาแบบตัวต่อตัวเท่านั้น,ห้ามจัดการกับพนักงานที่มีพฤติกรรมเป็นพิษในที่ประชุมกลุ่ม ให้พูดคุยและจัดการข้อกังวลกับพวกเขาเป็นการส่วนตัวเสมอ,
ความสามารถ (Capability),เรามีสมาชิกในทีมที่มีนิสัย Toxic (แบบเป็นนิสัยถาวร ไม่ใช่แค่อารมณ์เสียบางวัน),จัดการให้เป็นปัญหาด้านการจัดการผลการปฏิบัติงาน,ในฐานะผู้นำ ต้องไม่อดทนต่อพฤติกรรมเป็นพิษ และให้ถือว่านี่เป็นปัญหาด้านการจัดการผลการปฏิบัติงาน (Performance management issue),
ความสามารถ (Capability),เรามีสมาชิกในทีมที่มีนิสัย Toxic (แบบเป็นนิสัยถาวร ไม่ใช่แค่อารมณ์เสียบางวัน),เชิญออกหากไม่ปรับปรุงตัว,หากพวกเขาไม่เปลี่ยนพฤติกรรม ให้จัดการให้ออกจากทีม (Manage them out) ไม่ว่าพวกเขาจะเก่งงานแค่ไหน เพราะพวกเขากำลังวางยาให้กับทีม,
การให้ความร่วมมือ (Cooperation),คนในทีมไม่ค่อยกล้าพูด ไม่กล้าถาม หรือเสนอไอเดีย (เพราะบรรยากาศมันไม่น่าไว้ใจ หรือกลัวโดนว่า),ยอมรับเมื่อไม่เข้าใจหรือทำพลาด,ผู้นำหรือสมาชิกทีมควรยอมรับอย่างเปิดเผยเมื่อตนเองไม่เข้าใจบางสิ่งหรือทำผิดพลาด เพื่อสร้างความรู้สึกปลอดภัยทางจิตใจให้เกิดขึ้น,Chapter 5
การให้ความร่วมมือ (Cooperation),คนในทีมไม่ค่อยกล้าพูด ไม่กล้าถาม หรือเสนอไอเดีย (เพราะบรรยากาศมันไม่น่าไว้ใจ หรือกลัวโดนว่า),สนับสนุนให้ทีมกล้าแสดงข้อกังวล,ส่งเสริมและเปิดโอกาสให้สมาชิกในทีมกล้าพูดหรือแสดงข้อกังวลที่ตนเองมีออกมา,
การให้ความร่วมมือ (Cooperation),คนในทีมไม่ค่อยกล้าพูด ไม่กล้าถาม หรือเสนอไอเดีย (เพราะบรรยากาศมันไม่น่าไว้ใจ หรือกลัวโดนว่า),ขอบคุณสำหรับความเห็นต่าง,กล่าวขอบคุณสมาชิกในทีมเมื่อพวกเขามีความกล้าหาญที่จะเสนอความคิดเห็นที่แตกต่างออกไป,
การให้ความร่วมมือ (Cooperation),คนในทีมไม่ค่อยกล้าพูด ไม่กล้าถาม หรือเสนอไอเดีย (เพราะบรรยากาศมันไม่น่าไว้ใจ หรือกลัวโดนว่า),เน้นเรียนรู้จากความผิดพลาด,"ให้ความสำคัญกับสิ่งที่สามารถเรียนรู้ได้จากความผิดพลาดนั้นๆ (เช่น ถามว่า ""คราวหน้าเราจะทำสิ่งนี้ให้ต่างออกไปอย่างไร"")",
การให้ความร่วมมือ (Cooperation),คนในทีมไม่ค่อยกล้าพูด ไม่กล้าถาม หรือเสนอไอเดีย (เพราะบรรยากาศมันไม่น่าไว้ใจ หรือกลัวโดนว่า),ลดการกล่าวโทษเมื่อเกิดข้อผิดพลาด,"ลดการพุ่งเป้าไปที่การกล่าวโทษหรือหาคนผิด (เช่น พูดว่า ""ครั้งนี้คุณทำพังจริงๆ"") เมื่อมีข้อผิดพลาดเกิดขึ้น",
การให้ความร่วมมือ (Cooperation),คนในทีมไม่ค่อยกล้าพูด ไม่กล้าถาม หรือเสนอไอเดีย (เพราะบรรยากาศมันไม่น่าไว้ใจ หรือกลัวโดนว่า),ไม่อดทนต่อการดูถูกเพื่อนร่วมทีม,ต้องไม่อดทนหรือปล่อยผ่าน หากมีสมาชิกในทีมพูดจาดูถูกหรือวิจารณ์เพื่อนร่วมทีมคนอื่นๆ ลับหลัง,
การให้ความร่วมมือ (Cooperation),คนในทีมไม่ค่อยกล้าพูด ไม่กล้าถาม หรือเสนอไอเดีย (เพราะบรรยากาศมันไม่น่าไว้ใจ หรือกลัวโดนว่า),ระบุเรื่องที่ต่อรองไม่ได้ให้ชัดเจน,"ในฐานะผู้นำ ให้ระบุอย่างชัดเจนว่าเรื่องใดบ้างที่เป็นสิ่งที่ ""เปลี่ยนแปลงไม่ได้"" (Nonnegotiables) ซึ่งไม่สามารถรับฟังความเห็นเพื่อปรับแก้ได้",
การให้ความร่วมมือ (Cooperation),คนในทีมไม่ค่อยกล้าพูด ไม่กล้าถาม หรือเสนอไอเดีย (เพราะบรรยากาศมันไม่น่าไว้ใจ หรือกลัวโดนว่า),เปิดรับฟังทุกเรื่องที่ต่อรองได้,ทำให้ทีมเห็นชัดเจนว่าคุณเปิดรับฟังความคิดเห็นและข้อเสนอแนะในทุกๆ เรื่อง ยกเว้นเรื่องที่ได้ระบุไว้แล้วว่าเปลี่ยนแปลงไม่ได้,
การให้ความร่วมมือ (Cooperation),"ทีมดูท้อแท้ ไม่เชื่อมั่นว่าเราจะทำได้สำเร็จ หรือจะ ""ชนะ"" ในเกมนี้",ทบทวนและพูดคุยถึงความสำเร็จ,หาเวลาเพื่อทบทวนและพูดคุยร่วมกันถึงความสำเร็จต่างๆ ที่ทีมเคยทำได้,Chapter 5
การให้ความร่วมมือ (Cooperation),"ทีมดูท้อแท้ ไม่เชื่อมั่นว่าเราจะทำได้สำเร็จ หรือจะ ""ชนะ"" ในเกมนี้",ถอดบทเรียนจากความสำเร็จ,พิจารณาถึงบทเรียนที่ได้รับจากความสำเร็จที่ผ่านมา และหาแนวทางว่าจะสามารถต่อยอดจากความสำเร็จนั้นได้อย่างไร,
การให้ความร่วมมือ (Cooperation),"ทีมดูท้อแท้ ไม่เชื่อมั่นว่าเราจะทำได้สำเร็จ หรือจะ ""ชนะ"" ในเกมนี้",ฉลองความสำเร็จของบุคคล,ร่วมเฉลิมฉลองให้กับชัยชนะและความสำเร็จของสมาชิกแต่ละคนในทีม,
การให้ความร่วมมือ (Cooperation),"ทีมดูท้อแท้ ไม่เชื่อมั่นว่าเราจะทำได้สำเร็จ หรือจะ ""ชนะ"" ในเกมนี้",ฉลองความสำเร็จของทีม,ร่วมเฉลิมฉลองให้กับชัยชนะและความสำเร็จของทีมโดยรวมอย่างเท่าเทียมกัน,
การให้ความร่วมมือ (Cooperation),"ทีมดูท้อแท้ ไม่เชื่อมั่นว่าเราจะทำได้สำเร็จ หรือจะ ""ชนะ"" ในเกมนี้",เชื่อมโยงความท้าทายปัจจุบันกับอดีต,เมื่อพบกับความท้าทาย ให้ชี้ให้ทีมเห็นถึงความเชื่อมโยงระหว่างปัญหาในปัจจุบันกับช่วงเวลาที่ทีมเคยเอาชนะความท้าทายที่คล้ายคลึงกันมาได้,
การให้ความร่วมมือ (Cooperation),"ทีมดูท้อแท้ ไม่เชื่อมั่นว่าเราจะทำได้สำเร็จ หรือจะ ""ชนะ"" ในเกมนี้",ทบทวนความล้มเหลวเพื่อป้องกัน,เมื่อล้มเหลว ให้ทบทวนสิ่งที่เกิดขึ้นและหาวิธีหลีกเลี่ยงไม่ให้เกิดขึ้นอีกในอนาคต จากนั้นให้ก้าวต่อไปโดยไม่จมปลัก,
การให้ความร่วมมือ (Cooperation),"ทีมดูท้อแท้ ไม่เชื่อมั่นว่าเราจะทำได้สำเร็จ หรือจะ ""ชนะ"" ในเกมนี้",โฟกัสสิ่งที่ต้องทำเพื่อชนะในครั้งหน้า,ให้ความสำคัญกับสิ่งที่ทีมสามารถทำได้เพื่อให้ชนะในครั้งต่อไป แทนที่จะคร่ำครวญหรือจมอยู่กับสิ่งที่เกิดขึ้นไปแล้วในอดีต,
การให้ความร่วมมือ (Cooperation),"ทีมดูท้อแท้ ไม่เชื่อมั่นว่าเราจะทำได้สำเร็จ หรือจะ ""ชนะ"" ในเกมนี้",ไม่รับปากเกินความสามารถของทีม,อย่าสัญญาหรือรับปากในสิ่งที่ทีมไม่สามารถส่งมอบได้ เพราะการทำไม่ได้ตามที่ตกลงจะยิ่งทำให้ทีมเริ่มเชื่อว่าตนเองไม่มีความสามารถ,
การให้ความร่วมมือ (Cooperation),"ทีมดูท้อแท้ ไม่เชื่อมั่นว่าเราจะทำได้สำเร็จ หรือจะ ""ชนะ"" ในเกมนี้",พัฒนาพนักงานที่มีผลงานต่ำ,หากคุณเป็นผู้นำ ให้ลงมือดำเนินการเพื่อปรับปรุงสมาชิกในทีมที่มีผลการปฏิบัติงานต่ำอย่างต่อเนื่อง,
การให้ความร่วมมือ (Cooperation),"ทีมดูท้อแท้ ไม่เชื่อมั่นว่าเราจะทำได้สำเร็จ หรือจะ ""ชนะ"" ในเกมนี้",นำพนักงานที่ผลงานต่ำต่อเนื่องออก,หากคุณเป็นผู้นำ และสมาชิกในทีมที่มีผลการปฏิบัติงานต่ำไม่มีสัญญาณของการพัฒนาขึ้น ให้พิจารณานำพวกเขาออกจากทีมเพื่อรักษาความเชื่อมั่นของทีม,
การให้ความร่วมมือ (Cooperation),ความไว้เนื้อเชื่อใจกันในทีมค่อนข้างต่ำ,ให้ความรู้เรื่องความไว้วางใจ,"ให้ความรู้แก่ทีมเพื่อให้พวกเขาเข้าใจว่าความไว้วางใจทำงานอย่างไร ปัจจัยใดมีอิทธิพล พฤติกรรมที่สำคัญ และคุณค่าของการตรวจสอบ ""บัญชีความไว้วางใจ""",Chapter 5
การให้ความร่วมมือ (Cooperation),ความไว้เนื้อเชื่อใจกันในทีมค่อนข้างต่ำ,ระมัดระวังการให้คำมั่นสัญญา,ในระดับบุคคล ต้องระมัดระวังอย่างมากในการให้คำมั่นสัญญาที่คุณอาจไม่สามารถรักษาไว้ได้,
การให้ความร่วมมือ (Cooperation),ความไว้เนื้อเชื่อใจกันในทีมค่อนข้างต่ำ,ปฏิบัติตามคำมั่นสัญญาให้ได้,การใช้ชีวิตและปฏิบัติตามคำมั่นสัญญาที่ให้ไว้ เป็นสิ่งจำเป็นอย่างยิ่งสำหรับการสร้างความไว้วางใจ,
การให้ความร่วมมือ (Cooperation),ความไว้เนื้อเชื่อใจกันในทีมค่อนข้างต่ำ,ยอมรับผิดเมื่อตนเองทำพลาด,เมื่อคุณทำผิดพลาด (ซึ่งทุกคนสามารถทำได้ในบางเวลา) ให้ยอมรับในการกระทำนั้นโดยไม่บ่ายเบี่ยง,
การให้ความร่วมมือ (Cooperation),ความไว้เนื้อเชื่อใจกันในทีมค่อนข้างต่ำ,กล่าวขอโทษอย่างจริงใจ,เมื่อทำผิดพลาด ให้กล่าวขอโทษอย่างจริงใจและหลีกเลี่ยงการทำข้อผิดพลาดนั้นซ้ำในอนาคต,
การให้ความร่วมมือ (Cooperation),ความไว้เนื้อเชื่อใจกันในทีมค่อนข้างต่ำ,ขอบคุณเมื่อได้รับความช่วยเหลือ,สร้างนิสัยในการกล่าวคำขอบคุณแก่สมาชิกในทีมเมื่อพวกเขาให้ความช่วยเหลือคุณ,
การให้ความร่วมมือ (Cooperation),ความไว้เนื้อเชื่อใจกันในทีมค่อนข้างต่ำ,แสดงความชื่นชมเพื่อนร่วมทีมอย่างชัดเจน,อย่าเพียงแค่คิดขอบคุณในใจ แต่ต้องพูดหรือทำให้แน่ใจว่าเพื่อนร่วมทีมรับรู้ว่าคุณชื่นชมพวกเขา,
การให้ความร่วมมือ (Cooperation),ความไว้เนื้อเชื่อใจกันในทีมค่อนข้างต่ำ,ทำเพื่อผลประโยชน์ของผู้อื่น,ลงมือทำในสิ่งที่เป็นประโยชน์สูงสุดต่อผู้อื่น แม้สิ่งนั้นอาจจะไม่ได้ดีที่สุดสำหรับคุณ เพื่อแสดงให้เห็นว่าคุณใส่ใจพวกเขา,
การให้ความร่วมมือ (Cooperation),ทีมเราเริ่มแตกเป็นก๊กเป็นเหล่า หรือต่างคนต่างทำงาน (Silos),สร้างเป้าหมายและเอกลักษณ์ร่วมกัน,กำหนดและเน้นย้ำถึงเป้าหมาย ลำดับความสำคัญ ความต้องการ และ/หรือเอกลักษณ์ร่วมกันที่สมาชิกในทีมทุกคนสามารถยอมรับและโอบรับได้,Chapter 5
การให้ความร่วมมือ (Cooperation),ทีมเราเริ่มแตกเป็นก๊กเป็นเหล่า หรือต่างคนต่างทำงาน (Silos),หาตัวกลางเชื่อมความสัมพันธ์ (Connectors),หาใครสักคนในทีมที่มีจุดร่วมบางอย่างกับทั้งสองกลุ่มย่อย (เช่น พนักงานขายที่เคยถูกฝึกมาเป็นวิศวกร) มาช่วยเป็นตัวกลางเชื่อมความสัมพันธ์ +1,
การให้ความร่วมมือ (Cooperation),ทีมเราเริ่มแตกเป็นก๊กเป็นเหล่า หรือต่างคนต่างทำงาน (Silos),โฟกัสความต้องการของงานสำหรับทีมใหม่,หากเป็นทีมที่เพิ่งตั้งขึ้นใหม่ ให้เริ่มจากการมุ่งเน้นไปที่สิ่งที่ทีมจำเป็นต้องทำและบรรลุร่วมกัน เพื่อเน้นย้ำจุดร่วมและลดความสนใจเรื่องความแตกต่างส่วนบุคคล,
การให้ความร่วมมือ (Cooperation),ทีมเราเริ่มแตกเป็นก๊กเป็นเหล่า หรือต่างคนต่างทำงาน (Silos),โฟกัสความสัมพันธ์เมื่อบทบาทชัดเจนแล้ว,หลังจากที่ข้อกำหนดของงานและบทบาทต่างๆ ถูกกำหนดไว้ชัดเจนแล้ว จึงค่อยเปลี่ยนไปให้ความสำคัญกับการสร้างความสัมพันธ์ในทีมมากขึ้น,
การประสานงาน (Coordination),เราไม่ค่อยช่วยงานกัน ไม่อุดรอยรั่ว หรือซัพพอร์ตกันเวลาอีกคนไม่ไหว,วิเคราะห์หาสาเหตุของปัญหา,หาสาเหตุว่าทำไมทีมถึงไม่ช่วยเหลือกัน ซึ่งอาจเกิดจากความไม่รู้ว่าถูกคาดหวังให้ทำ ไม่รู้วิธีทำ หรือขาดความปลอดภัยทางจิตใจจึงไม่กล้าขอความช่วยเหลือ,Chapter 6
การประสานงาน (Coordination),เราไม่ค่อยช่วยงานกัน ไม่อุดรอยรั่ว หรือซัพพอร์ตกันเวลาอีกคนไม่ไหว,แก้ปัญหาให้ตรงจุด,ตรวจสอบให้แน่ใจว่าวิธีแก้ปัญหานั้นสามารถจัดการได้ตรงกับสาเหตุที่แท้จริง,
การประสานงาน (Coordination),เราไม่ค่อยช่วยงานกัน ไม่อุดรอยรั่ว หรือซัพพอร์ตกันเวลาอีกคนไม่ไหว,ชี้แจงความคาดหวังเรื่องการช่วยเหลือ,ทำความเข้าใจให้ชัดเจนว่าเมื่อใดที่ต้องการกำลังเสริมและใครควรเป็นผู้ให้ความช่วยเหลือ,
การประสานงาน (Coordination),เราไม่ค่อยช่วยงานกัน ไม่อุดรอยรั่ว หรือซัพพอร์ตกันเวลาอีกคนไม่ไหว,เตรียมความพร้อมสมาชิกเพื่อแทนที่กัน,เตรียมความพร้อมให้สมาชิกบางคนแบบเฉพาะเจาะจง ให้มีความรู้เกี่ยวกับงานของคนอื่นมากพอที่จะสามารถช่วยเหลือหรือทำแทนได้,
การประสานงาน (Coordination),เราไม่ค่อยช่วยงานกัน ไม่อุดรอยรั่ว หรือซัพพอร์ตกันเวลาอีกคนไม่ไหว,กล่าวขอบคุณเมื่อได้รับความช่วยเหลือ,กล่าวขอบคุณเมื่อมีคนมาช่วย ทำงานแทน หรือคอยเตือนในสิ่งที่คุณต้องทำ,
การประสานงาน (Coordination),เราตามสถานการณ์ภายนอกไม่ค่อยทัน (ไม่ค่อยรู้ว่าข้างนอกเขาไปถึงไหนกันแล้ว),ระบุเรื่องเซอร์ไพรส์ในอดีต,ระบุเรื่องที่เคยผิดคาดมาก่อน และพิจารณาว่าทีมต้องติดตามเรื่องใดให้ดีขึ้นเพื่อป้องกันเหตุการณ์แบบเดิม,
การประสานงาน (Coordination),เราตามสถานการณ์ภายนอกไม่ค่อยทัน (ไม่ค่อยรู้ว่าข้างนอกเขาไปถึงไหนกันแล้ว),กำหนดผู้รับผิดชอบและวิธีแชร์ข้อมูล,ตกลงร่วมกันว่าควรติดตามเรื่องใด ใครเป็นคนทำ และจะนำสิ่งที่ค้นพบมาแบ่งปันกันอย่างไร,
การประสานงาน (Coordination),เราตามสถานการณ์ภายนอกไม่ค่อยทัน (ไม่ค่อยรู้ว่าข้างนอกเขาไปถึงไหนกันแล้ว),จัดสรรเวลาอัปเดตสถานการณ์,จัดสรรเวลาให้สมาชิกในทีมได้มาอัปเดตสถานการณ์ หรือสิ่งที่แต่ละคนไปเรียนรู้มาให้คนอื่นฟัง,
การประสานงาน (Coordination),เราตามสถานการณ์ภายนอกไม่ค่อยทัน (ไม่ค่อยรู้ว่าข้างนอกเขาไปถึงไหนกันแล้ว),แบ่งงานกันติดตามสถานการณ์,หากมีเรื่องต้องติดตามจำนวนมาก ให้แบ่งหน้าที่กันให้ชัดเจนว่าใครควรจับตาดูเรื่องไหน,
การประสานงาน (Coordination),เราตามสถานการณ์ภายนอกไม่ค่อยทัน (ไม่ค่อยรู้ว่าข้างนอกเขาไปถึงไหนกันแล้ว),ชวนคุยเพื่อตีความสถานการณ์,"ชวนทีมคุยเป็นระยะว่าสถานการณ์หรือสัญญาณที่เกิดขึ้น ""น่าจะหมายความว่าอย่างไร"" เพื่อยกระดับความเข้าใจร่วมกัน",
การประสานงาน (Coordination),การประสานงานระหว่างกันยังทำได้ไม่ดีพอ (ยังติดขัด ไม่ลื่นไหล),วิเคราะห์ความต้องการด้านการประสานงาน,มองไปข้างหน้าเพื่อคาดการณ์ว่าจุดไหนที่น่าจะต้องการการทำงานร่วมกันมากที่สุดและสำคัญที่สุด,
การประสานงาน (Coordination),การประสานงานระหว่างกันยังทำได้ไม่ดีพอ (ยังติดขัด ไม่ลื่นไหล),จัดฝึกอบรมการประสานงาน,พิจารณาจัดฝึกอบรมระดับทีมเพื่อซ้อมการประสานงานในจุดที่สำคัญเป็นพิเศษ,
การประสานงาน (Coordination),การประสานงานระหว่างกันยังทำได้ไม่ดีพอ (ยังติดขัด ไม่ลื่นไหล),จำลองสถานการณ์ด้วยวาจา,รวมคนที่ต้องประสานงานกันมาพูดคุยไล่เรียงขั้นตอนสำคัญร่วมกันทีละสเต็ปด้วยวาจา,
การประสานงาน (Coordination),การประสานงานระหว่างกันยังทำได้ไม่ดีพอ (ยังติดขัด ไม่ลื่นไหล),พูดคุยปัญหาในอดีตเพื่อยืนยันอนาคต,พูดคุยว่ากำลังจะเกิดอะไรขึ้น ชี้ให้เห็นปัญหาที่เคยเกิด และยืนยันวิธีประสานงานให้ราบรื่นในอนาคต,
การประสานงาน (Coordination),การประสานงานระหว่างกันยังทำได้ไม่ดีพอ (ยังติดขัด ไม่ลื่นไหล),ถอดบทเรียนสั้นๆ หลังเจอความท้าทาย,รวมตัวกันเพื่อถอดบทเรียน (Debrief) สั้นๆ ทันทีหลังจากผ่านจุดที่ประสานงานกันได้ยากลำบาก,
การประสานงาน (Coordination),การประสานงานระหว่างกันยังทำได้ไม่ดีพอ (ยังติดขัด ไม่ลื่นไหล),คุยรายละเอียดของสิ่งที่เกิดขึ้น,พูดคุยว่าเกิดอะไรขึ้น อะไรทำได้ดี และอะไรที่ควรทำต่างออกไปในครั้งหน้า โดยทำในขณะที่ทุกคนยังจำเหตุการณ์ได้แม่นยำ,
การประสานงาน (Coordination),ทีมเราน่าจะเรียนรู้และปรับตัวกับสิ่งใหม่ ๆ ให้เก่งกว่านี้,จัดประชุมถอดบทเรียนเป็นระยะ,จัดตารางและทำการถอดบทเรียนของทีมเป็นระยะ โดยไม่จำเป็นต้องรอให้จบโปรเจกต์หรือรอให้ถึงหมุดหมายสำคัญ,
การประสานงาน (Coordination),ทีมเราน่าจะเรียนรู้และปรับตัวกับสิ่งใหม่ ๆ ให้เก่งกว่านี้,ทบทวนวิธีการทำงานร่วมกัน,พูดคุยถึงวิธีการทำงานร่วมกันว่ามีอะไรที่กำลังไปได้สวย และอะไรที่เราน่าจะทำได้ดีกว่านี้,
การประสานงาน (Coordination),ทีมเราน่าจะเรียนรู้และปรับตัวกับสิ่งใหม่ ๆ ให้เก่งกว่านี้,สร้างข้อตกลงในการเปลี่ยนแปลง,สร้างข้อตกลงร่วมกันอย่างชัดเจนเกี่ยวกับสิ่งที่คุณจะเปลี่ยนแปลงในฐานะทีม,
การประสานงาน (Coordination),ทีมเราน่าจะเรียนรู้และปรับตัวกับสิ่งใหม่ ๆ ให้เก่งกว่านี้,ทบทวนเทคนิคการถอดบทเรียนทีม,ทบทวนเคล็ดลับการถอดบทเรียนทีมในส่วนของเครื่องมือในหนังสือ,team debriefing tips (tools section)
การประสานงาน (Coordination),ทีมเราน่าจะเรียนรู้และปรับตัวกับสิ่งใหม่ ๆ ให้เก่งกว่านี้,กระตุ้นให้เสนอไอเดียใหม่ๆ,ส่งเสริมให้สมาชิกตื่นตัวที่จะหาไอเดียหรือวิธีการใหม่ๆ และกล้าที่จะพูดมันออกมา,
การประสานงาน (Coordination),ทีมเราน่าจะเรียนรู้และปรับตัวกับสิ่งใหม่ ๆ ให้เก่งกว่านี้,สร้างความเข้าใจเรื่องความขัดแย้งเชิงความร่วมมือ,ทำให้แน่ใจว่าทุกคนเข้าใจการขัดแย้งเชิงความร่วมมือ (Collaborative conflict) ซึ่งเป้าหมายคือการหาทางออกที่ดีที่สุดร่วมกัน ไม่ใช่การผลักดันไอเดียของตัวเอง,
การประสานงาน (Coordination),ทีมเราน่าจะเรียนรู้และปรับตัวกับสิ่งใหม่ ๆ ให้เก่งกว่านี้,บูรณาการมุมมองอื่นเข้ากับไอเดียตนเอง,หากรู้ตัวว่ากำลังยึดติดกับไอเดียตัวเอง ให้จับความรู้สึกนั้นไว้ และพยายามหาทางนำมุมมองของผู้อื่นมาบูรณาการเข้ากับข้อเสนอของคุณ,
การประสานงาน (Coordination),ทีมเราน่าจะเรียนรู้และปรับตัวกับสิ่งใหม่ ๆ ให้เก่งกว่านี้,ทำให้การแสดงความเห็นต่างเป็นเรื่องง่าย,เอื้อให้สมาชิกในทีมกล้าพูดความเห็นที่ต่างออกไปได้ง่ายขึ้น โดยการถามหามุมมองอื่นหรือสิ่งที่ควรพิจารณาเพิ่มเติม,
การประสานงาน (Coordination),ทีมเราน่าจะเรียนรู้และปรับตัวกับสิ่งใหม่ ๆ ให้เก่งกว่านี้,ขอบคุณคนที่มีมุมมองต่าง,กล่าวขอบคุณเมื่อมีผู้เสนอแง่มุมที่แตกต่างออกไป แม้ว่าคุณจะไม่เห็นด้วยก็ตาม,
การประสานงาน (Coordination),ทีมเราน่าจะเรียนรู้และปรับตัวกับสิ่งใหม่ ๆ ให้เก่งกว่านี้,ตั้งบทบาทผู้ค้าน (Devil's advocate),"พิจารณาตั้งบทบาท ""ผู้ค้าน"" ซึ่งถูกคาดหวังให้เสนอมุมมองที่แตกต่าง แม้ว่าตัวพวกเขาเองจะเห็นด้วยกับทีมก็ตาม",devil's advocate
การประสานงาน (Coordination),ทีมเราน่าจะเรียนรู้และปรับตัวกับสิ่งใหม่ ๆ ให้เก่งกว่านี้,หมุนเวียนบทบาทผู้ค้าน,สลับสับเปลี่ยนคนมารับบทบาทผู้ค้าน เพื่อส่งสัญญาณว่าการเห็นต่างเป็นเรื่องที่รับได้และดีต่อสุขภาพของทีม,
การประสานงาน (Coordination),การประชุมทีมเราไม่มีประสิทธิภาพ (เสียเวลา/ไม่ได้ข้อสรุป),ปรับความถี่ของการประชุม,พิจารณาว่าทีมประชุมบ่อยไปหรือน้อยไปหรือไม่ และปรับตารางให้เหมาะสม,
การประสานงาน (Coordination),การประชุมทีมเราไม่มีประสิทธิภาพ (เสียเวลา/ไม่ได้ข้อสรุป),จัดเตรียมวาระและเป้าหมายการประชุม,ตรวจสอบให้แน่ใจว่าจัดระเบียบการประชุมมาอย่างดี มีการตั้งวาระและเป้าหมายที่ชัดเจน,
การประสานงาน (Coordination),การประชุมทีมเราไม่มีประสิทธิภาพ (เสียเวลา/ไม่ได้ข้อสรุป),แชร์วาระล่วงหน้าและขอความเห็น,ส่งวาระการประชุมให้ทราบล่วงหน้า (ถ้าเป็นไปได้) และขอข้อมูลความเห็นจากผู้เข้าร่วม,
การประสานงาน (Coordination),การประชุมทีมเราไม่มีประสิทธิภาพ (เสียเวลา/ไม่ได้ข้อสรุป),สรุปมติและแผนปฏิบัติงาน,สรุปการตัดสินใจและแผนงาน (ใครรับผิดชอบ เสร็จเมื่อไหร่) ในตอนท้าย เพื่อให้แน่ใจว่าทุกคนเข้าใจตรงกัน,
การประสานงาน (Coordination),การประชุมทีมเราไม่มีประสิทธิภาพ (เสียเวลา/ไม่ได้ข้อสรุป),เปิดโอกาสให้ซักถามและยืนยันความเข้าใจ,ให้โอกาสผู้เข้าร่วมประชุมได้ยืนยันความเข้าใจหรือตั้งคำถามในช่วงสรุปท้ายการประชุม,
การประสานงาน (Coordination),การประชุมทีมเราไม่มีประสิทธิภาพ (เสียเวลา/ไม่ได้ข้อสรุป),บันทึกและส่งสรุปการประชุม,จดบันทึกข้อสรุปต่าง ๆ เป็นลายลักษณ์อักษรและเวียนให้สมาชิกทีมหลังจบการประชุม,
การประสานงาน (Coordination),การประชุมทีมเราไม่มีประสิทธิภาพ (เสียเวลา/ไม่ได้ข้อสรุป),วางแผนอัปเดตคนที่ไม่ได้เข้าประชุม,ชี้แจงให้ชัดเจนว่าสมาชิกทีมที่ไม่ได้เข้าร่วมประชุมจะได้รับการอัปเดตข้อมูลอย่างไร,
การประสานงาน (Coordination),การประชุมทีมเราไม่มีประสิทธิภาพ (เสียเวลา/ไม่ได้ข้อสรุป),จัดสรรเวลาเพื่อปรับปรุงการประชุม,จัดเวลาประมาณ 15 นาทีเป็นครั้งคราวเพื่อตั้งคำถามและพูดคุยถึงวิธีที่ทำให้การประชุมของทีมดีขึ้น,
การสื่อสาร (Communication),"สื่อสารผิดพลาดกันบ่อย เช่น ชอบมีคนมารู้ทีหลังแล้วตกใจว่า ""อ้าว ทำไมไม่บอกแต่แรก""",ตั้งคำถามเพื่อกระจายข้อมูล,"สร้างนิสัยในการตั้งคำถามระหว่างกันว่า ""มีใครอีกบ้างที่ควรรู้เรื่องนี้?"" เพื่อหลีกเลี่ยงการทึกทักไปเองว่าทุกคนรู้แล้ว",Chapter 7
การสื่อสาร (Communication),"สื่อสารผิดพลาดกันบ่อย เช่น ชอบมีคนมารู้ทีหลังแล้วตกใจว่า ""อ้าว ทำไมไม่บอกแต่แรก""",ระบุจุดที่การสื่อสารล้มเหลวบ่อย,ระบุและทำความเข้าใจว่าที่ผ่านมาจุดไหนหรือขั้นตอนใด (เช่น จุดส่งต่องาน) ที่มักจะเกิดความผิดพลาดในการสื่อสารขึ้นบ่อยที่สุด,
การสื่อสาร (Communication),"สื่อสารผิดพลาดกันบ่อย เช่น ชอบมีคนมารู้ทีหลังแล้วตกใจว่า ""อ้าว ทำไมไม่บอกแต่แรก""",สร้างข้อตกลงและเช็กลิสต์จุดส่งต่องาน,เมื่อพบจุดเสี่ยงในการสื่อสาร ให้สร้างข้อตกลงและทำเช็กลิสต์ระบุข้อมูลที่จำเป็นต้องส่งมอบให้กัน (เช่น ตอนเปลี่ยนกะทำงาน),Checklist
การสื่อสาร (Communication),"สื่อสารผิดพลาดกันบ่อย เช่น ชอบมีคนมารู้ทีหลังแล้วตกใจว่า ""อ้าว ทำไมไม่บอกแต่แรก""",ทำความเข้าใจเรื่องคุณภาพการสื่อสาร,ชี้แจงให้ทีมเข้าใจว่าการสื่อสารที่มีคุณภาพคือการส่งมอบข้อมูลที่จำเป็นให้ถูกคนและทันเวลา ไม่ใช่แค่การพูดให้เยอะขึ้นหรือส่งอีเมลให้มากขึ้น,
การสื่อสาร (Communication),"สื่อสารผิดพลาดกันบ่อย เช่น ชอบมีคนมารู้ทีหลังแล้วตกใจว่า ""อ้าว ทำไมไม่บอกแต่แรก""",ฝึกใช้เทคนิคทวนคำ (The convey),"สอนและสนับสนุนให้ทีมใช้เทคนิค ""The convey"" เพื่อทวนสิ่งที่ได้ยิน ให้อีกฝ่ายยืนยันหรือแก้ไขความเข้าใจให้ถูกต้องตรงกัน",The convey (closed-loop communication technique)
การสื่อสาร (Communication),เวลาคนในทีมไปคุยกับคนข้างนอก พูดไม่ค่อยตรงกัน (ควรพูดให้เป็นเสียงเดียวกันกว่านี้),ยืนยันข้อตกลงร่วมกันท้ายการทำงาน,จัดสรรเวลา 2-3 นาทีท้ายการประชุม (หรือท้ายสัปดาห์/ท้ายกะ) เพื่อยืนยันข้อตกลงร่วมกัน เพื่อให้ทุกคนมีความเข้าใจตรงกันก่อนไปสื่อสารต่อ,
การสื่อสาร (Communication),เวลาคนในทีมไปคุยกับคนข้างนอก พูดไม่ค่อยตรงกัน (ควรพูดให้เป็นเสียงเดียวกันกว่านี้),ตกลงข้อความที่จะสื่อสารออกไป,"ตั้งคำถามร่วมกับทีมว่า ""เราควรบอกเรื่องนี้กับคนอื่นอย่างไร?"" และ ""ใครบ้างที่จำเป็นต้องรับรู้เรื่องนี้?""",
การสื่อสาร (Communication),เวลาคนในทีมไปคุยกับคนข้างนอก พูดไม่ค่อยตรงกัน (ควรพูดให้เป็นเสียงเดียวกันกว่านี้),จำลองสถานการณ์การสื่อสาร,"สำหรับการสื่อสารที่สำคัญ ให้จัดกลุ่มและให้สมาชิกทีมคนหนึ่งจำลองสถานการณ์ตอบคำถามว่า ""กำลังจะเกิดอะไรขึ้น?"" ประหนึ่งว่ากำลังคุยกับคนนอกทีม",
การสื่อสาร (Communication),เวลาคนในทีมไปคุยกับคนข้างนอก พูดไม่ค่อยตรงกัน (ควรพูดให้เป็นเสียงเดียวกันกว่านี้),ให้ฟีดแบ็กจากการจำลองสถานการณ์,หลังจากสมาชิกจำลองสถานการณ์เสร็จ ให้ชี้แจงว่าสิ่งที่พูดไปนั้นมีประโยชน์อย่างไร และเสนอแนะเพิ่มเติมว่าควรพูดอะไรอีกบ้าง,
การสื่อสาร (Communication),เวลาคนในทีมไปคุยกับคนข้างนอก พูดไม่ค่อยตรงกัน (ควรพูดให้เป็นเสียงเดียวกันกว่านี้),เปิดโอกาสให้ทุกคนฝึกซ้อม,เปิดโอกาสให้สมาชิกทีมคนอื่นๆ ได้ผลัดเปลี่ยนกันฝึกพูดออกเสียงเพื่อเตรียมตัวสื่อสาร,
การสื่อสาร (Communication),เราต้องสื่อสารและรักษาความสัมพันธ์กับ Stakeholders (ผู้เกี่ยวข้อง) ภายนอกให้ดีกว่านี้,วิเคราะห์ผู้มีส่วนได้ส่วนเสีย,ทำการวิเคราะห์ผู้มีส่วนได้ส่วนเสีย ทั้งคนที่ทีมต้องพึ่งพา (ซัพพลายเออร์) และคนที่ต้องพึ่งพาทีม (ลูกค้า),Stakeholder analysis
การสื่อสาร (Communication),เราต้องสื่อสารและรักษาความสัมพันธ์กับ Stakeholders (ผู้เกี่ยวข้อง) ภายนอกให้ดีกว่านี้,ระบุความต้องการและความกังวล,ระบุให้ชัดเจนสำหรับผู้มีส่วนได้ส่วนเสียแต่ละกลุ่มว่า พวกเขาและเราต้องการอะไรจากกัน มีข้อกังวลอะไร และต้องอัปเดตข้อมูลเรื่องใดให้กันฟังบ้าง,
การสื่อสาร (Communication),เราต้องสื่อสารและรักษาความสัมพันธ์กับ Stakeholders (ผู้เกี่ยวข้อง) ภายนอกให้ดีกว่านี้,มอบหมายตัวแทนดูแลความสัมพันธ์,สำหรับผู้มีส่วนได้ส่วนเสียที่สำคัญ ต้องมั่นใจว่ามีคนที่เหมาะสมคอยดูแลความสัมพันธ์ และได้รับการเตรียมพร้อมมาเป็นอย่างดี,Boundary spanners
การสื่อสาร (Communication),เราต้องสื่อสารและรักษาความสัมพันธ์กับ Stakeholders (ผู้เกี่ยวข้อง) ภายนอกให้ดีกว่านี้,ระบุผู้รับผิดชอบการสื่อสารให้ชัดเจน,ระบุตัวผู้รับผิดชอบในการสื่อสารและจัดการความสัมพันธ์ของทั้งสองฝ่ายให้ชัดเจน,
การสื่อสาร (Communication),เราต้องสื่อสารและรักษาความสัมพันธ์กับ Stakeholders (ผู้เกี่ยวข้อง) ภายนอกให้ดีกว่านี้,ทำความเข้าใจข้อความหลักให้ตรงกัน,หากทีมต้องสื่อสารเรื่องเดียวกันกับผู้มีส่วนได้ส่วนเสียต่างกลุ่ม ต้องทำให้แน่ใจว่าทุกคนรับทราบข้อความที่ตั้งใจจะสื่อสารตรงกัน,
การสื่อสาร (Communication),เราต้องสื่อสารและรักษาความสัมพันธ์กับ Stakeholders (ผู้เกี่ยวข้อง) ภายนอกให้ดีกว่านี้,ตกลงวิธีตอบคำถามคู่ค้า,"พูดคุยหารือกับทีมล่วงหน้าว่า ""พวกเราแต่ละคนจะบอกผู้ติดต่อหลักของเราเกี่ยวกับเรื่องนี้อย่างไร?""",
การสื่อสาร (Communication),ทีมทำงานกันคนละที่ ทำให้มีปัญหาเรื่องการสื่อสารบ่อย ๆ,เลือกใช้เทคโนโลยีให้เหมาะสม,หลีกเลี่ยงการพึ่งพาอีเมลหรือข้อความมากเกินไปสำหรับหัวข้อที่มีความละเอียดอ่อนทางอารมณ์ เพราะอาจทำให้ตีความเจตนาผิดได้ง่าย,
การสื่อสาร (Communication),ทีมทำงานกันคนละที่ ทำให้มีปัญหาเรื่องการสื่อสารบ่อย ๆ,เริ่มต้นด้วยการเห็นภาพหรือได้ยินเสียง,เมื่อเริ่มสื่อสารกับคนที่อยู่ทางไกล ควรตั้งค่าวิดีโอคอลหรือโทรศัพท์คุยกัน แทนที่จะใช้แค่การส่งข้อความหรืออีเมลเป็นค่าเริ่มต้น,
การสื่อสาร (Communication),ทีมทำงานกันคนละที่ ทำให้มีปัญหาเรื่องการสื่อสารบ่อย ๆ,เน้นย้ำการใช้เทคนิคทวนคำ (The convey),"สรุปและทวนสิ่งที่ได้ยินเป็นประจำ หากอีกฝ่ายแก้ว่า ""ไม่ใช่แบบนั้น"" ให้ถือเป็นเรื่องดีเพราะคุณจับข้อผิดพลาดได้ทันทีแทนที่จะทำไปแบบผิดๆ","The ""convey"""
การสื่อสาร (Communication),ทีมทำงานกันคนละที่ ทำให้มีปัญหาเรื่องการสื่อสารบ่อย ๆ,เช็กอินและพูดคุยเรื่องทั่วไป,ใช้เวลาพูดคุยเรื่องทั่วไป (Small talk) เพื่อรักษาสายสัมพันธ์และลดความรู้สึกโดดเดี่ยวของสมาชิกทีมที่ทำงานแบบรีโมทเพียงลำพัง,
การสื่อสาร (Communication),ทีมทำงานกันคนละที่ ทำให้มีปัญหาเรื่องการสื่อสารบ่อย ๆ,ไม่รับปากในสิ่งที่ทำไม่ได้,อย่ารับปากทำในสิ่งที่คุณรู้ล่วงหน้าว่าไม่สามารถทำให้เสร็จได้ เพื่อรักษาความไว้วางใจในการทำงานทางไกล,
การสื่อสาร (Communication),ทีมทำงานกันคนละที่ ทำให้มีปัญหาเรื่องการสื่อสารบ่อย ๆ,แจ้งปัญหาและขอความช่วยเหลือทันที,หากติดปัญหาและเห็นว่าไม่อาจทำตามสัญญาที่จะกระทบเพื่อนร่วมทีมที่อื่นได้ ให้รีบสื่อสารโดยเร็วที่สุดและขอความช่วยเหลือหากเหมาะสม,
กระบวนการคิดของทีม (Cognitions),คนในทีมยังสับสนหรือเห็นไม่ตรงกันเรื่องเป้าหมาย ทิศทาง หรือสิ่งที่ต้องให้ความสำคัญ (Priority),พูดคุยเรื่องจุดประสงค์และทิศทาง,เปิดการพูดคุยเกี่ยวกับจุดประสงค์และทิศทางของทีมว่าทำไมทีมถึงต้องมีอยู่,
กระบวนการคิดของทีม (Cognitions),คนในทีมยังสับสนหรือเห็นไม่ตรงกันเรื่องเป้าหมาย ทิศทาง หรือสิ่งที่ต้องให้ความสำคัญ (Priority),ตั้งคำถามเพื่อหาเป้าหมายความสำเร็จ,ตั้งคำถามร่วมกันว่าความสำเร็จของทีมหน้าตาเป็นอย่างไร และทีมกำลังมุ่งหน้าไปทางไหน,
กระบวนการคิดของทีม (Cognitions),คนในทีมยังสับสนหรือเห็นไม่ตรงกันเรื่องเป้าหมาย ทิศทาง หรือสิ่งที่ต้องให้ความสำคัญ (Priority),จัดสรรเวลาทบทวนลำดับความสำคัญ,จัดสรรเวลาเพื่อทบทวนและพูดคุยเกี่ยวกับลำดับความสำคัญสูงสุดของทีมในปัจจุบัน พร้อมทั้งเหตุผลว่าทำไมสิ่งเหล่านั้นจึงสำคัญ,
กระบวนการคิดของทีม (Cognitions),คนในทีมยังสับสนหรือเห็นไม่ตรงกันเรื่องเป้าหมาย ทิศทาง หรือสิ่งที่ต้องให้ความสำคัญ (Priority),ทบทวนลำดับความสำคัญเป็นระยะ,กลับมาทบทวนลำดับความสำคัญของทีมเป็นระยะๆ เนื่องจากสิ่งเหล่านี้มักจะเปลี่ยนแปลงไปตามกาลเวลา,
กระบวนการคิดของทีม (Cognitions),คนในทีมยังสับสนหรือเห็นไม่ตรงกันเรื่องเป้าหมาย ทิศทาง หรือสิ่งที่ต้องให้ความสำคัญ (Priority),สร้างกฎบัตรของทีม,สร้างกฎบัตรของทีมเพื่อสรุปพันธกิจ วัตถุประสงค์หรือเป้าหมาย และขอบเขตการทำงานของทีม,Team charter
กระบวนการคิดของทีม (Cognitions),คนในทีมยังสับสนหรือเห็นไม่ตรงกันเรื่องเป้าหมาย ทิศทาง หรือสิ่งที่ต้องให้ความสำคัญ (Priority),ให้ทีมมีส่วนร่วมร่างกฎบัตร,ให้ทีมมีส่วนร่วมในการกำหนดกฎบัตร (ถ้าเป็นไปได้) เพื่อส่งเสริมความรู้สึกเป็นเจ้าของและความเข้าใจร่วมกัน,Team charter
กระบวนการคิดของทีม (Cognitions),คนในทีมยังสับสนหรือเห็นไม่ตรงกันเรื่องเป้าหมาย ทิศทาง หรือสิ่งที่ต้องให้ความสำคัญ (Priority),ใช้กฎบัตรปฐมนิเทศสมาชิกใหม่,ใช้กฎบัตรของทีมที่สร้างขึ้นเป็นเครื่องมือช่วยให้สมาชิกใหม่เข้าใจงานและพร้อมทำงานได้เร็วขึ้น,Team charter
กระบวนการคิดของทีม (Cognitions),บทบาทหน้าที่ยังไม่ชัดเจน ทับซ้อนกัน หรือเกี่ยงงานกัน (ตกลงใครทำอะไรกันแน่),จัดกิจกรรมสร้างความชัดเจนในบทบาท,ดำเนินกิจกรรมเพื่อสร้างความชัดเจนในบทบาทของแต่ละคนในทีม,Role clarification exercise
กระบวนการคิดของทีม (Cognitions),บทบาทหน้าที่ยังไม่ชัดเจน ทับซ้อนกัน หรือเกี่ยงงานกัน (ตกลงใครทำอะไรกันแน่),ระบุรายการงานและการตัดสินใจหลัก,ลิสต์รายการการกระทำหลักๆ และประเภทของการตัดสินใจที่ทีมต้องทำ,
กระบวนการคิดของทีม (Cognitions),บทบาทหน้าที่ยังไม่ชัดเจน ทับซ้อนกัน หรือเกี่ยงงานกัน (ตกลงใครทำอะไรกันแน่),กำหนดผู้รับผิดชอบและผู้เกี่ยวข้อง,ในแต่ละงานหรือการตัดสินใจ ให้ระบุว่าใครเป็นคนทำ ใครเป็นผู้รับผิดชอบหลัก ใครที่ควรได้รับคำปรึกษาล่วงหน้า และใครที่ควรได้รับแจ้งให้ทราบในภายหลัง,
กระบวนการคิดของทีม (Cognitions),บทบาทหน้าที่ยังไม่ชัดเจน ทับซ้อนกัน หรือเกี่ยงงานกัน (ตกลงใครทำอะไรกันแน่),จัดทำเอกสารความคาดหวังในบทบาท,บันทึกความคาดหวังในแต่ละบทบาทลงเป็นเอกสารให้ชัดเจนและสมเหตุสมผลสำหรับสมาชิกทีม,
กระบวนการคิดของทีม (Cognitions),บทบาทหน้าที่ยังไม่ชัดเจน ทับซ้อนกัน หรือเกี่ยงงานกัน (ตกลงใครทำอะไรกันแน่),อัปเดตความคาดหวังในบทบาท,ทำการอัปเดตเอกสารความคาดหวังในบทบาทเมื่อมีความจำเป็นหรือเมื่อเวลาผ่านไป,
กระบวนการคิดของทีม (Cognitions),บทบาทหน้าที่ยังไม่ชัดเจน ทับซ้อนกัน หรือเกี่ยงงานกัน (ตกลงใครทำอะไรกันแน่),พูดคุยผลกระทบเมื่อมีการเปลี่ยนแปลง,เมื่อมีการเปลี่ยนแปลงในองค์กรซึ่งอาจทำให้เกิดความคลุมเครือในบทบาท ให้พูดคุยกันว่าสิ่งนี้ส่งผลกระทบต่องานของทีมอย่างไร และต้องปรับเปลี่ยนบทบาทหรือไม่,
กระบวนการคิดของทีม (Cognitions),เวลาเจอสถานการณ์บางอย่าง ทีมยังไม่รู้ว่าควรตอบสนองหรือแก้ปัญหายังไงให้เหมือนกัน,จำลองสถานการณ์เป็นทีม,ในฐานะทีม ให้ร่วมกันดำเนินการจำลองการทำงานตามสถานการณ์,Scenario-based walk through
กระบวนการคิดของทีม (Cognitions),เวลาเจอสถานการณ์บางอย่าง ทีมยังไม่รู้ว่าควรตอบสนองหรือแก้ปัญหายังไงให้เหมือนกัน,ระบุและสร้างสถานการณ์จำลอง,ระบุสถานการณ์ที่อาจเกิดขึ้นในอนาคตและสร้างสถานการณ์จำลองอิงจากเรื่องนั้น,
กระบวนการคิดของทีม (Cognitions),เวลาเจอสถานการณ์บางอย่าง ทีมยังไม่รู้ว่าควรตอบสนองหรือแก้ปัญหายังไงให้เหมือนกัน,ถามคำถามนำเมื่อเริ่มสถานการณ์จำลอง,รวมทีม นำเสนอจุดเริ่มต้นของสถานการณ์ แล้วถามว่า ใครควรทำอะไร ทำไม ใครควรคุยกับใคร และสมาชิกทีมกำลังคิดอะไรอยู่,
กระบวนการคิดของทีม (Cognitions),เวลาเจอสถานการณ์บางอย่าง ทีมยังไม่รู้ว่าควรตอบสนองหรือแก้ปัญหายังไงให้เหมือนกัน,ป้อนข้อมูลเพิ่มและให้ทีมอภิปรายต่อ,ให้ข้อมูลเพิ่มเติมว่าสถานการณ์ดำเนินต่อไปอย่างไร แล้วให้กลุ่มอภิปรายอีกครั้งว่าควรเกิดอะไรขึ้นต่อไป,
กระบวนการคิดของทีม (Cognitions),เวลาเจอสถานการณ์บางอย่าง ทีมยังไม่รู้ว่าควรตอบสนองหรือแก้ปัญหายังไงให้เหมือนกัน,สรุปบทเรียนและข้อตกลงร่วมกัน,ในช่วงท้ายของการจำลอง ให้รวบรวมบทเรียนและสร้างข้อตกลงว่าทีมควรจัดการกับสถานการณ์ลักษณะนี้อย่างไรในอนาคต,
กระบวนการคิดของทีม (Cognitions),เวลาเจอสถานการณ์บางอย่าง ทีมยังไม่รู้ว่าควรตอบสนองหรือแก้ปัญหายังไงให้เหมือนกัน,จัดทำคู่มือหรือเช็กลิสต์,จัดทำเอกสารวิธีรับมือกับงานหรือสถานการณ์เฉพาะเจาะจงในรูปแบบของขั้นตอนการปฏิบัติงานมาตรฐาน (SOP) หรือเช็กลิสต์,"Standard operating procedure, Checklist"
กระบวนการคิดของทีม (Cognitions),คนในทีมเปลี่ยนหน้าบ่อย (เข้าๆ ออกๆ) เลยทำให้จูนให้เข้าใจตรงกันยาก,ปรับปรุงกระบวนการปฐมนิเทศ,หากทีมรับคนใหม่บ่อย ให้ใช้เวลาทบทวนกระบวนการปฐมนิเทศ (Onboarding) เพื่อให้มั่นใจว่าจะช่วยให้คนใหม่เรียนรู้งานได้เร็ว,
กระบวนการคิดของทีม (Cognitions),คนในทีมเปลี่ยนหน้าบ่อย (เข้าๆ ออกๆ) เลยทำให้จูนให้เข้าใจตรงกันยาก,มอบเอกสารที่เกี่ยวข้องให้สมาชิกใหม่,เตรียมเอกสารต่างๆ ให้สมาชิกใหม่ เช่น คำอธิบายบทบาท ขั้นตอนการทำงาน เช็กลิสต์ เป้าหมายของทีม สรุปสถานการณ์จำลอง และกฎบัตรของทีม,"Role descriptions, standard operating procedures, checklists, team goals, scenario summaries, team charter"
กระบวนการคิดของทีม (Cognitions),คนในทีมเปลี่ยนหน้าบ่อย (เข้าๆ ออกๆ) เลยทำให้จูนให้เข้าใจตรงกันยาก,จัดระบบพี่เลี้ยง (Buddy),พิจารณามอบหมายพี่เลี้ยงให้กับสมาชิกทีมคนใหม่ เพื่อช่วยให้พวกเขาเรียนรู้เกี่ยวกับทีมและปรับตัวได้เร็วขึ้น,Buddy
กระบวนการคิดของทีม (Cognitions),คนในทีมเปลี่ยนหน้าบ่อย (เข้าๆ ออกๆ) เลยทำให้จูนให้เข้าใจตรงกันยาก,มอบหมายพี่เลี้ยงให้ผู้มีประสบการณ์ด้วย,มอบหมายพี่เลี้ยงให้กับพนักงานใหม่ที่มีประสบการณ์สูงด้วยเช่นกัน เพื่อให้พวกเขาเข้าใจว่าทีมนี้มีวิธีการทำงานอย่างไร,Buddy
กระบวนการคิดของทีม (Cognitions),คนในทีมเปลี่ยนหน้าบ่อย (เข้าๆ ออกๆ) เลยทำให้จูนให้เข้าใจตรงกันยาก,ตรวจสอบความเข้าใจเรื่องจุดประสงค์และบทบาท,ตรวจสอบให้แน่ใจว่าทุกคนรู้จุดประสงค์ของทีมและตระหนักถึงความรับผิดชอบของกันและกันในภาพรวม,
กระบวนการคิดของทีม (Cognitions),พอทำงานคนละที่ (หรือพื้นฐานต่างกันมาก) เลยทำให้มองภาพเดียวกันยาก,ชี้แจงกระบวนการและขอบเขตการตัดสินใจ,ทำให้ชัดเจนว่าการตัดสินใจจะเกิดขึ้นอย่างไร รวมถึงระบุประเภทการตัดสินใจที่ต้องให้ทั้งทีมมีส่วนร่วม และแบบที่ให้คนในแต่ละพื้นที่ตัดสินใจเองได้เลย,
กระบวนการคิดของทีม (Cognitions),พอทำงานคนละที่ (หรือพื้นฐานต่างกันมาก) เลยทำให้มองภาพเดียวกันยาก,ตระหนักถึงความแตกต่างด้านบรรทัดฐาน,หากมีความแตกต่างด้านชาติ ภูมิศาสตร์ วิชาชีพ หรือวัฒนธรรม ให้พึงระลึกว่าผู้คนอาจคุ้นเคยกับบรรทัดฐานและความคาดหวังที่ต่างกัน,
กระบวนการคิดของทีม (Cognitions),พอทำงานคนละที่ (หรือพื้นฐานต่างกันมาก) เลยทำให้มองภาพเดียวกันยาก,สื่อสารบรรทัดฐานการทำงานของทีม,สร้างและสื่อสารบรรทัดฐานของทีมเกี่ยวกับวิธีทำงานร่วมกัน เช่น ระยะเวลาที่เหมาะสมในการตอบกลับข้อความจากเพื่อนร่วมทีม,Team norms
กระบวนการคิดของทีม (Cognitions),พอทำงานคนละที่ (หรือพื้นฐานต่างกันมาก) เลยทำให้มองภาพเดียวกันยาก,ตกลงวิธีทำงานเพื่อให้เข้าใจตรงกัน,สร้างข้อตกลงว่าแต่ละพื้นที่จะทำงานให้เข้าใจตรงกันได้อย่างไร เช่น ความถี่ในการประชุมทีม หรือวิธีจัดตารางประชุมที่แฟร์กับทุกไทม์โซน,
กระบวนการคิดของทีม (Cognitions),พอทำงานคนละที่ (หรือพื้นฐานต่างกันมาก) เลยทำให้มองภาพเดียวกันยาก,กำหนดเรื่องที่ต้องอัปเดตเป็นประจำ,พูดคุยและตกลงร่วมกันว่าสมาชิกทีมควรจะอัปเดตข้อมูลอะไรให้กันฟังบ้างเป็นประจำ,
กระบวนการคิดของทีม (Cognitions),พอทำงานคนละที่ (หรือพื้นฐานต่างกันมาก) เลยทำให้มองภาพเดียวกันยาก,แบ่งปันบทเรียนข้ามสถานที่ทำงาน,หาวิธีตั้งใจแบ่งปันบทเรียนที่ได้รับให้ครอบคลุมทุกสถานที่ทำงาน,
กระบวนการคิดของทีม (Cognitions),พอทำงานคนละที่ (หรือพื้นฐานต่างกันมาก) เลยทำให้มองภาพเดียวกันยาก,นำไอเดียที่ดีที่สุดไปประยุกต์ใช้,ใช้ประโยชน์จากความแตกต่างของวิธีการทำงานที่เกิดขึ้นตามธรรมชาติในแต่ละพื้นที่ และนำไอเดียที่ดีที่สุดไปประยุกต์ใช้ข้ามสาขา,
การโค้ชชิ่ง (Coaching),ทีมเราต้องการคำแนะนำและการซัพพอร์ตจากหัวหน้าทีมมากกว่านี้,ทบทวน 7 บทบาทหน้าที่สำคัญของผู้นำ,พิจารณาและทำความเข้าใจ 7 บทบาทหน้าที่สำคัญของผู้นำ ได้แก่ การสร้างความชัดเจน การขจัดอุปสรรค การส่งเสริมการมีส่วนร่วม การส่งเสริมการเรียนรู้ การจัดการอารมณ์ของทีม การให้สมาชิกรับผิดชอบต่องาน และการสร้างความปลอดภัยทางจิตใจ,Chapter 10
การโค้ชชิ่ง (Coaching),ทีมเราต้องการคำแนะนำและการซัพพอร์ตจากหัวหน้าทีมมากกว่านี้,ประเมินการทำหน้าที่ของผู้นำในทีม,ประเมินว่าหน้าที่ของผู้นำทั้ง 7 ประการได้ถูกนำมาปฏิบัติอย่างเพียงพอในทีมหรือไม่ และระบุว่าข้อใดที่ผู้นำควรให้ความสนใจเพิ่มเติม,
การโค้ชชิ่ง (Coaching),ทีมเราต้องการคำแนะนำและการซัพพอร์ตจากหัวหน้าทีมมากกว่านี้,ระวังอคติที่ยึดตัวเองเป็นศูนย์กลาง (Self-anchoring bias),หากคุณเป็นผู้นำ ต้องระวังและอย่าตกเป็นเหยื่อของอคติที่หลงเชื่อไปเองว่าผู้อื่นจะคิดและรู้สึกแบบเดียวกับคุณ,
การโค้ชชิ่ง (Coaching),ทีมเราต้องการคำแนะนำและการซัพพอร์ตจากหัวหน้าทีมมากกว่านี้,พูดคุยแบบตัวต่อตัวกับสมาชิกทีม,จัดสรรเวลาเพื่อพูดคุยกับสมาชิกในทีมแบบตัวต่อตัว เพื่อให้รับรู้ว่าจริงๆ แล้วพวกเขากำลังคิดอะไรอยู่,
การโค้ชชิ่ง (Coaching),ทีมเราต้องการคำแนะนำและการซัพพอร์ตจากหัวหน้าทีมมากกว่านี้,จัดฝึกอบรมหรือโค้ชชิ่งให้หัวหน้าทีม,จัดการฝึกอบรมหรือโค้ชชิ่งด้านความเป็นผู้นำทีมให้กับหัวหน้าทีม เพื่อให้พวกเขามีความรู้เกี่ยวกับวิทยาศาสตร์ของการทำงานเป็นทีม,
การโค้ชชิ่ง (Coaching),เราไม่ค่อยติดตามงานกันแบบจริงจัง (ปล่อยเบลอ ไม่รับผิดชอบร่วมกัน),ชี้แจงความคาดหวังในการทำงานให้ชัดเจน,ชี้แจงให้ทุกคนในทีมทราบอย่างชัดเจนว่าพวกเขาถูกคาดหวังให้ทำอะไร เพื่อเป็นการเพิ่มความรับผิดชอบ,
การโค้ชชิ่ง (Coaching),เราไม่ค่อยติดตามงานกันแบบจริงจัง (ปล่อยเบลอ ไม่รับผิดชอบร่วมกัน),จัดสรรเวลาเพื่อติดตามความคืบหน้า,หากคุณเป็นผู้นำทีม ให้จัดสรรเวลาเพื่อเช็กอินและติดตามประเมินความคืบหน้าของงาน,
การโค้ชชิ่ง (Coaching),เราไม่ค่อยติดตามงานกันแบบจริงจัง (ปล่อยเบลอ ไม่รับผิดชอบร่วมกัน),ให้ฟีดแบ็กที่เป็นประโยชน์,ผู้นำต้องให้ข้อเสนอแนะหรือฟีดแบ็กที่เป็นประโยชน์แก่สมาชิกในทีม,
การโค้ชชิ่ง (Coaching),เราไม่ค่อยติดตามงานกันแบบจริงจัง (ปล่อยเบลอ ไม่รับผิดชอบร่วมกัน),จัดการกับผู้ที่ละทิ้งหน้าที่และมีพฤติกรรมเป็นพิษ,ต้องจัดการและสร้างผลกระทบที่ตามมา หากมีสมาชิกทีมที่ไม่ทำตามคำมั่นสัญญาซ้ำแล้วซ้ำเล่า หรือมีพฤติกรรมที่เป็นพิษ เพื่อไม่ให้ทั้งทีมได้รับผลกระทบ +1,
การโค้ชชิ่ง (Coaching),เราไม่ค่อยติดตามงานกันแบบจริงจัง (ปล่อยเบลอ ไม่รับผิดชอบร่วมกัน),สนับสนุนให้ทีมตรวจสอบกันเอง,ส่งเสริมให้สมาชิกในทีมคอยตรวจสอบและให้ความรับผิดชอบซึ่งกันและกัน,
การโค้ชชิ่ง (Coaching),เราไม่ค่อยติดตามงานกันแบบจริงจัง (ปล่อยเบลอ ไม่รับผิดชอบร่วมกัน),ให้กำลังใจเพื่อนร่วมทีม,ให้กำลังใจเพื่อช่วยเหลือให้เพื่อนร่วมทีมสามารถทำตามคำมั่นสัญญาที่ให้ไว้ได้,
การโค้ชชิ่ง (Coaching),เราไม่ค่อยติดตามงานกันแบบจริงจัง (ปล่อยเบลอ ไม่รับผิดชอบร่วมกัน),ให้ฟีดแบ็กเชิงสร้างสรรค์ระหว่างสมาชิกทีม,ให้ข้อเสนอแนะเชิงสร้างสรรค์แก่เพื่อนร่วมทีมเมื่อพวกเขาไม่สามารถทำตามที่รับปากไว้ได้,
การโค้ชชิ่ง (Coaching),เราไม่ค่อยติดตามงานกันแบบจริงจัง (ปล่อยเบลอ ไม่รับผิดชอบร่วมกัน),กำหนดขอบเขตการตักเตือนกันเอง,ตรวจสอบให้แน่ใจว่าทุกคนในทีมรู้ว่าพฤติกรรมใดที่ยอมรับได้เมื่อต้องตักเตือนหรือให้เพื่อนร่วมทีมรับผิดชอบ,
การโค้ชชิ่ง (Coaching),ทีมจะดีกว่านี้ถ้าลูกทีมช่วยแบ่งเบาหัวหน้าบ้าง เช่น ช่วยให้ฟีดแบ็กกันเอง หรือตามงานกันเอง,ระบุวิธีที่ทีมสามารถช่วยสนับสนุนงานของผู้นำ,ระบุว่าสมาชิกในทีมจะสามารถช่วยสนับสนุนหน้าที่ความเป็นผู้นำ (เช่น การสร้างความชัดเจน ขจัดอุปสรรค การส่งเสริมการมีส่วนร่วม ฯลฯ) ได้ดีที่สุดด้วยวิธีใด,
การโค้ชชิ่ง (Coaching),ทีมจะดีกว่านี้ถ้าลูกทีมช่วยแบ่งเบาหัวหน้าบ้าง เช่น ช่วยให้ฟีดแบ็กกันเอง หรือตามงานกันเอง,"ระบุหน้าที่ที่เป็นของ ""ผู้นำเท่านั้น""","ระบุให้ชัดเจนว่าพื้นที่หรือหน้าที่ใดบ้างที่ควรสงวนไว้สำหรับ ""ผู้นำเท่านั้น"" เช่น การให้ฟีดแบ็กผลการปฏิบัติงานอย่างเป็นทางการ",
การโค้ชชิ่ง (Coaching),ทีมจะดีกว่านี้ถ้าลูกทีมช่วยแบ่งเบาหัวหน้าบ้าง เช่น ช่วยให้ฟีดแบ็กกันเอง หรือตามงานกันเอง,ชี้แจงขอบเขตการมีส่วนร่วมของลูกทีม,ชี้แจงให้ชัดเจนว่าจุดใดที่คาดหวังให้สมาชิกทีมเข้ามามีส่วนร่วม จุดใดที่ทำได้แต่ไม่บังคับ และจุดใดที่เป็นข้อห้ามล่วงล้ำ,
การโค้ชชิ่ง (Coaching),เราน่าจะถอดบทเรียนจากประสบการณ์ที่ผ่านมาได้ดีกว่านี้ (ไม่ค่อยเรียนรู้จากอดีต),จัดประชุมถอดบทเรียน (Debriefs),จัดการประชุมเพื่อถอดบทเรียน (Lesson learned debriefs) หลังจากทีมผ่านประสบการณ์หรืองานที่สำคัญมา,
การโค้ชชิ่ง (Coaching),เราน่าจะถอดบทเรียนจากประสบการณ์ที่ผ่านมาได้ดีกว่านี้ (ไม่ค่อยเรียนรู้จากอดีต),ทบทวนสิ่งที่เกิดขึ้นและสิ่งที่ควรปรับปรุง,ร่วมกันทบทวนว่าเกิดอะไรขึ้นบ้าง สิ่งใดที่ทีมทำได้ดีแล้ว และสิ่งใดที่น่าจะทำได้แตกต่างออกไป,
การโค้ชชิ่ง (Coaching),เราน่าจะถอดบทเรียนจากประสบการณ์ที่ผ่านมาได้ดีกว่านี้ (ไม่ค่อยเรียนรู้จากอดีต),สรุปบทเรียนที่ได้รับ,ทำการสรุปรวบรวมบทเรียนต่างๆ ที่ทีมได้เรียนรู้จากประสบการณ์นั้นๆ,
การโค้ชชิ่ง (Coaching),เราน่าจะถอดบทเรียนจากประสบการณ์ที่ผ่านมาได้ดีกว่านี้ (ไม่ค่อยเรียนรู้จากอดีต),สร้างข้อตกลงสำหรับการทำงานในอนาคต,สร้างข้อตกลงร่วมกันว่าทีมจะทำงานร่วมกันอย่างไรหากเจอสถานการณ์ที่เกี่ยวข้องในลักษณะนี้อีกในอนาคต,
สภาพแวดล้อม (Conditions),ทีมขาดแคลนทรัพยากรที่จำเป็นต่อความสำเร็จ (เช่น งบประมาณ อุปกรณ์ สิทธิ์การเข้าถึง ข้อมูล),ระบุสิ่งที่ต้องการและเหตุผลให้ชัดเจน,ทำความเข้าใจให้ชัดเจนว่าคุณกำลังขอทรัพยากรใด และทำไมคุณถึงต้องการสิ่งนั้น,
สภาพแวดล้อม (Conditions),ทีมขาดแคลนทรัพยากรที่จำเป็นต่อความสำเร็จ (เช่น งบประมาณ อุปกรณ์ สิทธิ์การเข้าถึง ข้อมูล),ค้นหาทรัพยากรที่ทีมต้องการ,ลงมือค้นหาและจัดหาทรัพยากรที่ทีมของคุณมีความจำเป็นต้องใช้ในเชิงรุก,
สภาพแวดล้อม (Conditions),ทีมขาดแคลนทรัพยากรที่จำเป็นต่อความสำเร็จ (เช่น งบประมาณ อุปกรณ์ สิทธิ์การเข้าถึง ข้อมูล),ใช้คำถามวิเคราะห์ความพร้อมของทรัพยากร,ใช้คำถามเฉพาะจุดเพื่อวินิจฉัยและทบทวนความพร้อมของทรัพยากรที่มีอยู่,Tool C
สภาพแวดล้อม (Conditions),ทีมขาดแคลนทรัพยากรที่จำเป็นต่อความสำเร็จ (เช่น งบประมาณ อุปกรณ์ สิทธิ์การเข้าถึง ข้อมูล),"แยกความแตกต่างระหว่าง ""สิ่งที่จำเป็น"" กับ ""สิ่งที่อยากได้""","แยกให้ออกว่าอะไรคือ ""สิ่งที่จำเป็น"" (ถ้าไม่มีคือโปรเจกต์ล้มเหลวแน่นอน) และอะไรคือ ""สิ่งที่อยากได้"" (มีก็ดี แต่ไม่มีก็ทำงานต่อได้)",
สภาพแวดล้อม (Conditions),ทีมขาดแคลนทรัพยากรที่จำเป็นต่อความสำเร็จ (เช่น งบประมาณ อุปกรณ์ สิทธิ์การเข้าถึง ข้อมูล),ทุ่มเทความพยายามไปกับสิ่งที่จำเป็น,"ใช้ต้นทุนหรือความพยายามส่วนใหญ่ไปกับการเรียกร้องให้ได้มาซึ่ง ""สิ่งที่จำเป็น"" ก่อนเสมอ",
สภาพแวดล้อม (Conditions),ทีมขาดแคลนทรัพยากรที่จำเป็นต่อความสำเร็จ (เช่น งบประมาณ อุปกรณ์ สิทธิ์การเข้าถึง ข้อมูล),สื่อสารคำขอให้เชื่อมโยงกับเป้าหมายของผู้ให้,สื่อสารคำขอทรัพยากรโดยชี้ให้เห็นว่าสิ่งนี้ตอบโจทย์เป้าหมายของผู้ที่มีอำนาจอนุมัติอย่างไร แทนที่จะพูดถึงแต่ความต้องการของทีมตนเอง,
สภาพแวดล้อม (Conditions),ทีมขาดแคลนทรัพยากรที่จำเป็นต่อความสำเร็จ (เช่น งบประมาณ อุปกรณ์ สิทธิ์การเข้าถึง ข้อมูล),หารือวิธีทำงานภายใต้ทรัพยากรจำกัด,หากพบว่าไม่สามารถหาทรัพยากรมาเพิ่มได้จริงๆ ให้พูดคุยกันเพื่อหาวิธีที่จะประสบความสำเร็จภายใต้ทรัพยากรที่มีอยู่อย่างจำกัดนั้น,
สภาพแวดล้อม (Conditions),ทีมขาดแคลนทรัพยากรที่จำเป็นต่อความสำเร็จ (เช่น งบประมาณ อุปกรณ์ สิทธิ์การเข้าถึง ข้อมูล),ต่อรองความคาดหวังกับผู้มีส่วนได้ส่วนเสีย,ประเมินว่าทีมสามารถยอมแลก (Trade-offs) กับอะไรได้บ้าง และหาทางเจรจาต่อรองเพื่อลดความคาดหวังของผู้มีส่วนได้ส่วนเสียลง,
สภาพแวดล้อม (Conditions),มีกฎระเบียบหรือวัฒนธรรมองค์กรบางอย่างที่ขัดขวางการทำงานเป็นทีม,แยกแยะระดับการควบคุมปัญหา,ระบุให้ชัดเจนว่าปัญหาใดที่ทีมควบคุมได้ (สีฟ้า) ปัญหาใดที่ควบคุมไม่ได้แต่อาจโน้มน้าวได้ (สีเหลือง) และปัญหาใดที่ควบคุมไม่ได้และโน้มน้าวไม่ได้เลย (สีแดง),
สภาพแวดล้อม (Conditions),มีกฎระเบียบหรือวัฒนธรรมองค์กรบางอย่างที่ขัดขวางการทำงานเป็นทีม,เปลี่ยนแปลงสิ่งที่อยู่ในอำนาจควบคุม,ลงมือเปลี่ยนแปลงสิ่งต่างๆ ที่อยู่ในขอบเขตอำนาจการควบคุมของทีม (โซนสีฟ้า),
สภาพแวดล้อม (Conditions),มีกฎระเบียบหรือวัฒนธรรมองค์กรบางอย่างที่ขัดขวางการทำงานเป็นทีม,พยายามโน้มน้าวสิ่งที่พอจะเปลี่ยนได้,พยายามโน้มน้าวสิ่งต่างๆ ที่อยู่ในโซนสีเหลือง แต่ต้องยอมรับว่าอำนาจการตัดสินใจขั้นสุดท้ายไม่ได้อยู่ที่คุณ,
สภาพแวดล้อม (Conditions),มีกฎระเบียบหรือวัฒนธรรมองค์กรบางอย่างที่ขัดขวางการทำงานเป็นทีม,เลิกเสียเวลากับสิ่งที่ควบคุมไม่ได้,อย่ายอมเสียเวลาพูดคุยหรือบ่นถึงปัญหาที่อยู่ในโซนสีแดง (สิ่งที่ไม่สามารถควบคุมหรือโน้มน้าวได้) เพราะมันเป็นเรื่องเปล่าประโยชน์และสร้างความหงุดหงิด,
สภาพแวดล้อม (Conditions),มีกฎระเบียบหรือวัฒนธรรมองค์กรบางอย่างที่ขัดขวางการทำงานเป็นทีม,หาวิธีทำงานร่วมกับข้อจำกัด,ค้นหาวิธีที่ดีที่สุดในการทำงานภายใต้ข้อจำกัด หรือหาวิธีหลบเลี่ยงสิ่งที่คุณไม่สามารถเปลี่ยนแปลงได้,
สภาพแวดล้อม (Conditions),มีกฎระเบียบหรือวัฒนธรรมองค์กรบางอย่างที่ขัดขวางการทำงานเป็นทีม,พูดคุยเรื่องผลกระทบของนโยบายองค์กร,ใช้คำถามวิเคราะห์เพื่อกระตุ้นให้เกิดการพูดคุยว่านโยบายและแนวปฏิบัติต่างๆ ขององค์กรส่งเสริมหรือขัดขวางการทำงานร่วมกันอย่างไร,Tool C
สภาพแวดล้อม (Conditions),กำลังจะเริ่มโปรเจกต์ใหม่ แต่กังวลว่าปัจจัยสนับสนุนต่างๆ ยังไม่พร้อม,ทำกิจกรรมชันสูตรก่อนตาย (Premortem),ลองจินตนาการล่วงหน้าว่าโปรเจกต์นี้จบลงแล้วและทีมล้มเหลวไม่เป็นท่า,Premortem exercise
สภาพแวดล้อม (Conditions),กำลังจะเริ่มโปรเจกต์ใหม่ แต่กังวลว่าปัจจัยสนับสนุนต่างๆ ยังไม่พร้อม,คิดย้อนกลับเพื่อหาสาเหตุความล้มเหลว,เมื่อจินตนาการถึงความล้มเหลวแล้ว ให้คิดย้อนกลับไปและพูดคุยกันว่าอะไรน่าจะเป็นสาเหตุที่ทำให้โปรเจกต์พังทลาย,
สภาพแวดล้อม (Conditions),กำลังจะเริ่มโปรเจกต์ใหม่ แต่กังวลว่าปัจจัยสนับสนุนต่างๆ ยังไม่พร้อม,วางแผนป้องกันและบรรเทาปัญหา,พัฒนาแผนการเพื่อพยายามหลีกเลี่ยง ลดทอน หรือบรรเทาปัญหาเหล่านั้นก่อนที่มันจะเกิดขึ้นจริง,
สภาพแวดล้อม (Conditions),กำลังจะเริ่มโปรเจกต์ใหม่ แต่กังวลว่าปัจจัยสนับสนุนต่างๆ ยังไม่พร้อม,ขอความช่วยเหลือเพื่อกำจัดอุปสรรค,ระบุอุปสรรคที่อาจเกิดขึ้นและขอความช่วยเหลือจากสปอนเซอร์หรือผู้มีส่วนได้ส่วนเสียที่เหมาะสมเพื่อช่วยกำจัดอุปสรรคเหล่านั้น,
สภาพแวดล้อม (Conditions),กำลังจะเริ่มโปรเจกต์ใหม่ แต่กังวลว่าปัจจัยสนับสนุนต่างๆ ยังไม่พร้อม,เลิกรอปาฏิหาริย์,อย่ามัวแต่รอคอยหรือหวังว่าจะมีปาฏิหาริย์เกิดขึ้นเพื่อแก้ปัญหาให้,
สภาพแวดล้อม (Conditions),รู้สึกว่าผู้บริหารระดับสูงไม่ค่อยสนับสนุนเรื่องการทำงานเป็นทีมเท่าไหร่,หาโอกาสให้ฟีดแบ็กเชิงสร้างสรรค์,ประเมินว่ามีโอกาสที่จะให้ข้อเสนอแนะเชิงสร้างสรรค์แก่ผู้นำระดับสูงได้หรือไม่,
สภาพแวดล้อม (Conditions),รู้สึกว่าผู้บริหารระดับสูงไม่ค่อยสนับสนุนเรื่องการทำงานเป็นทีมเท่าไหร่,เตรียมพร้อมอธิบายมุมมองให้ผู้นำฟัง,หากมีโอกาส ให้เตรียมตัวนำเสนอมุมมองของคุณให้ผู้นำระดับสูงรับทราบ เนื่องจากพวกเขาอาจไม่รู้ตัวว่าการกระทำของตนส่งผลต่อผู้อื่นอย่างไร,
สภาพแวดล้อม (Conditions),รู้สึกว่าผู้บริหารระดับสูงไม่ค่อยสนับสนุนเรื่องการทำงานเป็นทีมเท่าไหร่,ประเมินการสนับสนุนของผู้นำระดับสูง,ใช้คำถามเจาะจงเพื่อตรวจสอบดูว่าผู้นำระดับสูงมีส่วนช่วยส่งเสริมหรือขัดขวางการทำงานเป็นทีมในองค์กรอย่างไร,Tool C
สภาพแวดล้อม (Conditions),รู้สึกว่าผู้บริหารระดับสูงไม่ค่อยสนับสนุนเรื่องการทำงานเป็นทีมเท่าไหร่,พูดคุยเพื่อหาโอกาสพัฒนา,ใช้ผลการประเมินเพื่อพูดคุยแลกเปลี่ยนเกี่ยวกับโอกาสในการปรับปรุงและพัฒนา,
สภาพแวดล้อม (Conditions),รู้สึกว่าผู้บริหารระดับสูงไม่ค่อยสนับสนุนเรื่องการทำงานเป็นทีมเท่าไหร่,ยอมรับว่าการกระทำของผู้นำอยู่นอกเหนือการควบคุม,ตระหนักไว้ว่าการกระทำของผู้นำระดับสูงเป็นสิ่งที่อยู่นอกเหนือการควบคุมของคุณ และอาจจะอยู่นอกเหนือขอบเขตอิทธิพลที่คุณจะโน้มน้าวได้ด้วยซ้ำ,
สภาพแวดล้อม (Conditions),รู้สึกว่าผู้บริหารระดับสูงไม่ค่อยสนับสนุนเรื่องการทำงานเป็นทีมเท่าไหร่,โฟกัสในสิ่งที่ทีมควบคุมและโน้มน้าวได้,หันเหความสนใจของทีมกลับมาจดจ่ออยู่กับสิ่งที่ทีมสามารถควบคุมหรือมีอิทธิพลโน้มน้าวได้,
สภาพแวดล้อม (Conditions),รู้สึกว่าผู้บริหารระดับสูงไม่ค่อยสนับสนุนเรื่องการทำงานเป็นทีมเท่าไหร่,เลือกที่จะร่วมมือกันแม้ผู้นำไม่สนับสนุน,ทีมสามารถเลือกที่จะทำงานร่วมกันอย่างมีความร่วมมือได้เสมอ แม้ว่าผู้นำระดับสูงจะไม่ได้แสดงท่าทีสนับสนุนก็ตาม,